<?xml version="1.0" encoding="utf-8"?>
<Module>
	<Name value = "Mercenary Guild"/>
	<Id value = "MercenaryGuild"/>
	<Version value = "e1.6.1.0009"/>
	<DefaultModule value="true"/>
	<SingleplayerModule value="true"/>
  	<Official value="false" />
  	<DependedModules>
		<DependedModule Id="Native" DependentVersion="e1.6.1"/>
		<DependedModule Id="SandBoxCore" DependentVersion="e1.6.1"/>
		<DependedModule Id="Sandbox" DependentVersion="e1.6.1"/>
		<DependedModule Id="CustomBattle" DependentVersion="e1.6.1"/>
		<DependedModule Id="StoryMode" DependentVersion="e1.6.1"/>
	</DependedModules>
	<SubModules>
		<SubModule>
			<Name value = "Main"/>
			<DLLName value = "MercenaryGuild.dll"/>
			<SubModuleClassType value = "MercenaryGuild.Main"/>			
			<Tags>
				<Tag key="DedicatedServerType" value ="none" />
			</Tags>
		</SubModule>
	</SubModules>
	<Xmls/>
</Module>