<?xml version="1.0" encoding="utf-8"?>

<!-- author:Mo Lengling-->

<!-- Be sure to note the case of the initial letter of the Attribute name.务必注意大小写问题，大小写一旦错误，程序轻则忽略属性设置，重则崩溃-->
<!-- You can find English Description at the End of file-->

<!--中文说明：

为xml文件命名为“*MMAConfig.xml”，其中“*”为任意字符串

根节点为<Menus></Menus>,xml格式出现致命错误时将被程序弃用，此时请查看ModuleData/Exception.txt；

<Menus></Menus>节点的子节点为<office></office>
具有下列属性：
1.Id：			这是标识office的关键属性（主键），原则上讲，每一个office的id都应该是不同的，当程序读取到相同Id的office时，会根据最新读取到office的WriteMode属性，执行相应的动作。

2.WriteMode :	当发生同Id冲突时，如何解决冲突。此属性设置为
					Override，则后读取到的office会完全覆盖之前的office；
					Append，后读取到的office会修改先读取到的office的部分信息，并追加雇佣兵列表内容（不会检查雇佣兵列表是否重复），具体规则是：当新office设置了SettlementType属性时，会替换旧office的定居点类型判断条件。当新office设置了新的定居点类型判断条件时，只有在旧office设置的相同条件为假时才替换。（例如：旧office：InTown=true，新office：InTown=false，此时不会替换，因为旧office的InTown条件为真。旧office：InTown=false，新office：InTown=false,此时发生替换，但替换后InTown仍然未假。旧office：InTown=false，新office：InTown=true,回将旧office的InTown替换为真。）当新的office设置了任何旧office未设置的属性时，都会为旧office追加这些属性。但旧office已经设置的属性不会被替换。
					
					OverwriteAndAppend，则新office完全覆盖旧office的属性，但不会清除旧office已经有的雇佣兵列表，而是和Append一样追加雇佣兵列表。
					
					Remove，这将移除已有的旧office，同时不会创建这个新的office，如果需要删除一个其他mod的office，请保证你的mod在该mod的加载顺序之后。
					
					Default，这是默认规避模式，系统会为新office设置新的officeid，这种更改只在游戏中有效，程序不会修改文件。
					
3.InTown：		2中所说的定居点类型判断条件，设置为真时，office在城镇中开放。
4.InVillage：   2中所说的定居点类型判断条件，设置为真时，office在村庄中开放。
5.InCastle：	2中所说的定居点类型判断条件，设置为真时，office在城堡中开放。

6.SettlementId：特定定居点判断条件，当这个属性被设置时，office只在Id规定的某个定居点开放。
7.CultureId：	特定文化判断条件，当这个属性被设置为default或缺省时，office允许在所有文化开放，否则office只在特定文化开放。
8.MapFactionId：特定阵营判断条件，当这个属性被设置为default或缺省时，office允许在所有阵营开放，否则office只在特定阵营开放。

9.SettlementType： 定居点类型限定条件，例如当它设置为Town时，InTown=true，InVillage=false，InCastle=false。优先级低于3、4、5，只有3、4、5全部为false或缺省时有效。

10.OptionText： 显示在雇佣兵行会菜单的office入口选项文本。
11.Text：		显示在office菜单顶部的文本。

12.OfficeType： 当设置为Mercenary时，office中的所有部队均可招募。设置为Prisoner时，office中的所有部队均可作为俘虏购买。缺省时对office部队列表没有影响。

<office></office>节点具有下列子节点：
1.<Mercenary/>  此节点的部队会自动被设置为可招募。
2.<Prisoner/>	此节点的部队会自动被设置为可作为俘虏购买。
3.<Hero/>		此节点的部队可以被招募为家族同伴。
4.<Companion/>	与3节点相同。
5.<*自定名称节点*/> 	没有什么特殊的。

以上5个节点具有以下属性：
1.Id：			这个Id与兵种文件中的部队Id相同。
2.Cost：		招募或购买一个单位所花费的第纳尔数，招募一个同伴的花费是它的10倍，例如<Hero Cost="1000"/>，在招募同伴时，您需要花费1000*10=10000第纳尔。
3.AmountMin		招募选项一次招募的最小值，默认为1。不允许是负数，负数时自动置为默认值。
4.AmountMax		招募选项一次招募的最大值，默认为5。不允许是负数，负数时自动置为默认值。
5.IsMercenary   是否允许被招募，优先级低于<Mercenary>的设定，即使节点类似：<Mercenary IsMercenary="false"/>，该部队仍然是可招募的雇佣兵。
6.IsPrisoner	是否允许作为俘虏购买，优先级低于<Prisoner>的设定，即使节点类似：<Prisoner IsPrisoner="false"/>，该部队仍然是可购买的俘虏。
7.CanCreateHero 是否允许作为同伴招募，优先级低于<Hero>或<Companion>。

**当5、6、7均为false时，程序会默认IsMercenary = true;
-->
<Menus>
	<office Id="Mo_official" SettlementType="Town" OptionText="{=MoLocalConfig1}Go to the Guild office" CultureId="default" Text="{=MoLocalConfig2}You arrive at the office of the Guild. Young, old and the near invalid alike all eagerly seek work.">
		<Mercenary Id="mercenary_1" Cost="100" /> 
		<Mercenary Id="mercenary_2" Cost="300" AmountMin="1" AmountMax="1" />
		<Mercenary Id="mercenary_3" Cost="300" AmountMin="1" AmountMax="1" />
		<Mercenary Id="mercenary_4" Cost="600" AmountMin="1" AmountMax="1" />
		<Mercenary Id="mercenary_5" Cost="600" AmountMin="1" AmountMax="1" />
		<Mercenary Id="mercenary_6" Cost="600" AmountMin="1" AmountMax="1" />
		<Mercenary Id="mercenary_7" Cost="1000" AmountMin="1" AmountMax="1" />
		<Mercenary Id="mercenary_8" Cost="1000" AmountMin="1" AmountMax="1" />
		<Mercenary Id="mercenary_9" Cost="1000" AmountMin="1" AmountMax="1" />
	</office>
	
	<office Id="Mo_official_prison" SettlementType="Town" OptionText="{=MoLocalConfig3}Go to the Guild Prison" Text="{=MoLocalConfig4}You arrive at the prison of the Guild. These are the men who no ransom was found for, and only in service shall they have freedom, although you get what you pay for...">
		<!--My program currently never judges the name of a child node, so it can write any name. I recommend using mercenary and prisoner because I may add this judgment in future updates.-->
		<Prisoner Id="looter" Cost = "20" AmountMin="1" AmountMax="10" />
		<Prisoner Id="deserter" Cost = "40" />
	</office>
	
</Menus>


<!--
English Description:(Machine translation. If you can't understand the content, please check the original Chinese text.)

Name the XML file like:"* MMAConfig.xml", where "*" is any string.

The root xmlNode is <Menus> </Menus>, and will be discarded by the program in case of fatal error in XML format. At this time, please check "ModuleData/Exception.txt";

The child node of the <Menus></Menus> node is <Office></Office>

<Office></Office> Has the following Attribute:

1.Id：			
					This is the key attribute (primary key) to identify office. In principle, the ID of each office should be different. When the program reads an office with the same ID, it will perform corresponding actions according to the latest writemode attribute of the office.

2.WriteMode : 	 How to resolve conflicts when the same ID conflicts. This Attribute is set to
					Override, the new office will completely overwrite the old office;
					
					Append, the new office will modify some information of the old office and add the content of the troops list (whether the troops list is repeated will not be checked). The specific rule is : When the settlementType Attribute is set for the new office, the "settlementType judgment condition" of the old office will be replaced. When a new "settlementType judgment condition" is set in the new office, it can be replaced only when the same condition set in the old office is false. (for example, if the old office: InTown = true And the new office: InTown = false, it will not be replaced at this time, because the InTown condition of the old office is true. If the old office: InTown = false And the new office: InTown = false, the replacement occurs at this time, but the InTown is still true after the replacement. If the old office: InTown = false And the new office: InTown = true, the InTown of the old office will be replaced with true.) When the new office sets any Attributes not set by the old office, these Attributes will be appended to the old office. However, the Attribute set by the old office will not be replaced.
					
					Overwriteandappend, the new office completely overwrites the Attribute of the old office, but the existing mercenary list of the old office will not be cleared, but the mercenary list will be added like append.
					
					Remove, which will remove the existing old office and will not create this new office. If you need to delete an office of another mod, please ensure that your mod is after the loading order of the mod.
					
					Default, which is the default avoidance mode. The system will set a new officeid for the new office. This change is only valid in the game, and the program will not modify the file.
					
3.InTown： 		the "settlement type judgment condition" mentioned in 2,when it set to true, the office is open in the town.
4.InVillage: 	the "settlement type judgment condition" mentioned in 2,when is set to true, the office is open in the village.
5.InCastle： 	the "settlement type judgment condition" mentioned in 2,when is set to true, the office is open in the castle.

6. Settlementid: specific settlement judgment condition. When this Attribute is set, office is only open in a settlement specified by ID.
7.CultureId： 	 Specific culture judgment condition. When this Attribute is set to default or default, office is allowed to be open in all cultures, otherwise office is only open in specific cultures.
8. Mapfactionid: specific camp judgment condition. When this Attribute is set to default or default, office is allowed to be open in all camps, otherwise office is only open in specific camps.

9. Settlement type: settlement type qualification. For example, when it is set to town, Intown = true, invillage = false, incastle = false. The priority is lower than 3, 4 and 5. Only 3, 4 and 5 are all false or valid by default.

10. Optiontext: the option text of the office entry displayed in the mercenary guild menu.
11.Text： 		 The text that appears at the top of the office menu.
12. Officetype: when it is set to mercenary, all troops in the office can be recruited. When set to prisoner, all troops in office can be purchased as prisoners. By default, it has no effect on the office force list.

The <Office> </Office> node has the following child nodes:
1.<Mercenary/> troops in this node will be automatically set as Recruitable.
2.<Prisoner/> 	 Troops on this node are automatically set to be purchased as prisoners.
3.<Hero/> 		 Troops at this node can be recruited as family companions.
4.<Companion/> 	 Same as node 3.
5. < *custom name node* / > 	 Nothing special.

The above five nodes have the following attributes:

1.Id： 			 This ID is the same as the unit ID in the arms file.
2.Cost： 		 The number of dinars spent on recruiting or purchasing a unit. The cost of recruiting a companion is 10 times that of it. For example, < hero cost = "1000" / >, when recruiting a companion, you need to spend 1000 * 10 = 10000 dinars.
3.AmountMin 		 The recruitment option is the minimum value of one recruitment. The default value is 1. Negative number is not allowed. It is automatically set as the default value when it is negative.
4.AmountMax 		 The recruitment option is the maximum value of one recruitment. The default value is 5. Negative number is not allowed. It is automatically set as the default value when it is negative.
5. Whether ismercenary is allowed to be recruited is lower than the setting of < mercenary >, even if the nodes are similar: < mercenary ismercenary = "false" / >, the unit is still a Recruitable mercenary.
6.IsPrisoner 	 Whether it is allowed to purchase as a prisoner or not, the priority is lower than the setting of < prisoner >, even if the nodes are similar: < prisoner isprisoner = "false" / >, the unit is still a captive that can be purchased.
7. Whether cancreatehero is allowed to be recruited as a companion, and the priority is lower than < hero > or < companion >.

**When 5, 6 and 7 are false, the program defaults to ismercenary = true;
-->